id,game,display_name,tier,menu_order,unlock,unlock_parent,model,boatdef,scale,status,name_source,voice,boost_deploy,boost_stow,sboost_deploy,sboost_stow
@types,enum:h2|ht,str,enum:easy|medium|hard|secret|bonus|chaser|test,i32,enum:default|secret|ai-only,ref:boats,asset,ref:h2_boatdefs,f32,status,str,ref:h2_globalsounds,ref:h2_sounddefs,ref:h2_sounddefs,ref:h2_sounddefs,ref:h2_sounddefs
raw_thrills,h2,Raw Thrills,easy,1,default,-,lux:mesh32.BG_RawThrills,RawThrills,1.0,ok,boatdef Boat Name 'Raw Thrills (easy)'; VO 'Boat Raw Thrills',Boat Raw Thrills,com_rthrills_boost_deploy,com_rthrills_boost_stow,com_rthrills_sboost_deploy,com_rthrills_sboost_stow
sea_devil,h2,Sea Devil,medium,2,default,-,lux:mesh32.BG_FireStorm,Firestorm,1.0,ok,boatdef Boat Name 'Sea Devil (medium)'; VO 'Boat Sea Devil',Boat Sea Devil,com_manta_boost_deploy,com_manta_boost_stow,com_manta_sboost_deploy,com_manta_sboost_stow
hydro_volt,h2,Hydro Volt,medium,3,default,-,lux:mesh32.bg_shock,ShockWave,1.0,ok,boatdef Boat Name 'Hydro Volt (medium)'; VO 'Boat Hydro Volt',Boat Hydro Volt,com_hydrovolt_boost_deploy,com_hydrovolt_boost_stow,com_hydrovolt_sboost_deploy,com_hydrovolt_sboost_stow
rogue_runner,h2,Rogue Runner,medium,4,default,-,lux:mesh32.BG_Rogue,Rogue,1.0,ok,boatdef Boat Name 'Rogue (medium)'; VO 'Boat Rogue Runner',Boat Rogue Runner,com_rogue_boost_deploy,com_rogue_boost_stow,com_rogue_sboost_deploy,com_rogue_sboost_stow
lil_kahuna,h2,Lil' Kahuna,medium,5,default,-,lux:mesh32.BG_Cat,Kahuna,1.0,ok,boatdef Boat Name 'Lil' Kahuna (medium)'; VO 'Boat Kahuna',Boat Kahuna,com_lil_kahuna_boost_deploy,com_lil_kahuna_boost_stow,com_lil_kahuna_sboost_deploy,com_lil_kahuna_sboost_stow
thunder_blade,h2,Thunder Blade,hard,6,default,-,lux:mesh32.BG_Thunder,Thunder,1.0,ok,boatdef Boat Name 'Thunder (hard)'; VO 'Boat Thunder Blade',Boat Thunder Blade,com_thunder_boost_deploy,com_thunder_boost_stow,com_thunder_sboost_deploy,com_thunder_sboost_stow
scorpion,h2,Scorpion,hard,7,default,-,lux:mesh32.BG_StingRay,Stingray,1.0,ok,boatdef Boat Name 'Scorpion (hard)'; VO 'Boat Scorpion',Boat Scorpion,com_sray_boost_deploy,com_sray_boost_stow,com_sray_sboost_deploy,com_sray_sboost_stow
atomic_avenger,h2,Atomic Avenger,hard,8,default,-,lux:mesh32.BG_Atomic,AtomicAvenger,1.0,ok,boatdef Boat Name 'Atomic (hard)'; VO 'Boat Atomic Avenger',Boat Atomic Avenger,com_atomic_boost_deploy,com_atomic_boost_stow,com_atomic_sboost_deploy,com_atomic_sboost_stow
dead_wreckoner,h2,Dead Wreckoner,hard,9,default,-,lux:mesh32.BG_Dead,Dead,1.0,ok,boatdef Boat Name 'Dead Wreckoner (hard)'; VO 'Boat Dead Wreckoner',Boat Dead Wreckoner,com_dead_boost_deploy,com_dead_boost_stow,com_dead_sboost_deploy,com_dead_sboost_stow
big_buckaneer,h2,Big Buckaneer,secret,10,secret,rogue_runner,lux:mesh32.bg_Buck,BigBuckaneer,1.0,ok,boatdef Boat Name 'BigBuckaneer (secret)'; VO 'Boat Big Buckaneer'; unlock = View x3 on Rogue Runner (user-confirmed in cabinet),Boat Big Buckaneer,com_buck_boost_deploy,com_buck_boost_stow,-,-
frying_dutchman,h2,The Frying Dutchman,secret,11,secret,dead_wreckoner,lux:mesh32.BG_Pirate,Pirate,1.0,ok,boatdef Boat Name 'The Frying Dutchman (secret)'; VO 'Boat Frying Dutchman'; unlock = View x3 on Dead Wreckoner,Boat Frying Dutchman,com_dutchman_boost_deploy,com_dutchman_boost_stow,-,-
down_the_hatch,h2,Down the Hatch,secret,12,secret,sea_devil,lux:mesh32.BG_Frenzy,Frenzy,1.0,ok,boatdef 'Frenzy (Secret)' is the only playable def without a VO name; VO list has 'Boat Down the Hatch'; unlock = View x3 on Sea Devil,Boat Down the Hatch,com_frenzy_boost_deploy,com_frenzy_boost_stow,-,-
chaser_headhunter,h2,Chaser Headhunter,chaser,13,ai-only,-,lux:mesh32.BG_CH_headhunter,ChaserHeadhunter,1.0,n/a: AI-only chaser (Human Racer = 0); Riptide has no chaser AI,boatdef Boat Name,-,-,-,-,-
chaser_scotland,h2,Chaser Scotland,chaser,14,ai-only,-,lux:mesh32.bg_CH_ScotlandYard,ChaserScotland,1.0,n/a: AI-only chaser (Human Racer = 0); Riptide has no chaser AI,boatdef Boat Name,-,-,-,-,-
chaser_zodiac,h2,Chaser Zodiac,chaser,15,ai-only,-,lux:mesh32.bg_CH_zodiac,ChaserZodiac,1.0,n/a: AI-only chaser (Human Racer = 0); Riptide has no chaser AI,boatdef Boat Name,-,-,-,-,-
chaser_hong_kong,h2,Chaser Hong Kong,chaser,16,ai-only,-,lux:mesh32.bg_CH_hkphooey,ChaserHongKong,1.0,n/a: AI-only chaser (Human Racer = 0); Riptide has no chaser AI,boatdef Boat Name,-,-,-,-,-
manta,h2,Manta,bonus,17,default,-,lux:mesh32.BG_Manta,-,1.0,n/a: mesh only - no CBoatDef in data.global_boatdef so no handling data,mesh32 name,-,-,-,-,-
midway,ht,Midway,easy,20,default,-,ht:GBBMIDWHUP0,RawThrills,1.6,ok,ht_boats.midw; tier StrategyWiki; handling = H2 easy boatdef (HT tuning blocks not decoded),-,com_rthrills_boost_deploy,com_rthrills_boost_stow,com_rthrills_sboost_deploy,com_rthrills_sboost_stow
miss_behave,ht,Miss Behave,easy,21,default,-,ht:GBBMISSHUP0,RawThrills,1.6,ok,ht_boats.miss; tier StrategyWiki; handling = H2 easy boatdef,-,com_rthrills_boost_deploy,com_rthrills_boost_stow,com_rthrills_sboost_deploy,com_rthrills_sboost_stow
damn_the_torpedoes,ht,Damn the Torpedoes,easy,22,default,-,ht:GBBDAMNHUP0,RawThrills,1.6,ok,ht_boats.damn; tier StrategyWiki; handling = H2 easy boatdef,-,com_rthrills_boost_deploy,com_rthrills_boost_stow,com_rthrills_sboost_deploy,com_rthrills_sboost_stow
tidal_blade,ht,Tidal Blade,medium,23,default,-,ht:GBBTIDAHUP0,Rogue,1.6,ok,ht_boats.tida; tier StrategyWiki; handling = H2 medium boatdef,-,com_rogue_boost_deploy,com_rogue_boost_stow,com_rogue_sboost_deploy,com_rogue_sboost_stow
banshee,ht,Banshee,medium,24,default,-,ht:GBBBANSHUP0,Rogue,1.6,ok,ht_boats.bans; tier StrategyWiki; handling = H2 medium boatdef,-,com_rogue_boost_deploy,com_rogue_boost_stow,com_rogue_sboost_deploy,com_rogue_sboost_stow
thresher,ht,Thresher,medium,25,default,-,ht:GBBTHREHUP0,Rogue,1.6,ok,ht_boats.thre; tier StrategyWiki; handling = H2 medium boatdef,-,com_rogue_boost_deploy,com_rogue_boost_stow,com_rogue_sboost_deploy,com_rogue_sboost_stow
razorback,ht,Razorback,hard,26,default,-,ht:GBBRAZRHUP0,Thunder,1.6,ok,ht_boats.razr; tier StrategyWiki; handling = H2 hard boatdef,-,com_thunder_boost_deploy,com_thunder_boost_stow,com_thunder_sboost_deploy,com_thunder_sboost_stow
cut_throat,ht,Cut Throat,hard,27,default,-,ht:GBBCUTTHUP0,Thunder,1.6,ok,ht_boats.cutt; tier StrategyWiki; handling = H2 hard boatdef,-,com_thunder_boost_deploy,com_thunder_boost_stow,com_thunder_sboost_deploy,com_thunder_sboost_stow
rad_hazard,ht,Rad Hazard,hard,28,default,-,ht:GBBRADHHUP0,Thunder,1.6,ok,ht_boats.radh; tier StrategyWiki; handling = H2 hard boatdef,-,com_thunder_boost_deploy,com_thunder_boost_stow,com_thunder_sboost_deploy,com_thunder_sboost_stow
chumdinger,ht,Chumdinger,bonus,29,default,-,ht:GBBSEADHUP0,Dead,1.6,ok,ht_boats.sead (internal alias Sea Dog); handling = H2 Dead Wreckoner boatdef,-,com_dead_boost_deploy,com_dead_boost_stow,com_dead_sboost_deploy,com_dead_sboost_stow
armed_response,ht,Armed Response,bonus,30,default,-,ht:GBBCOPBHUP0,Dead,1.6,ok,ht_boats.copb; handling = H2 Dead Wreckoner boatdef,-,com_dead_boost_deploy,com_dead_boost_stow,com_dead_sboost_deploy,com_dead_sboost_stow
blowfish,ht,Blowfish,bonus,31,default,-,ht:GBBHOVRHUP0,Dead,1.6,ok,ht_boats.hovr (internal alias Hovercraft); handling = H2 Dead Wreckoner boatdef,-,com_dead_boost_deploy,com_dead_boost_stow,com_dead_sboost_deploy,com_dead_sboost_stow
tinytanic,ht,Tinytanic,bonus,32,default,-,ht:GBBTINYHUP0,Dead,1.6,ok,ht_boats.tiny; handling = H2 Dead Wreckoner boatdef,-,com_dead_boost_deploy,com_dead_boost_stow,com_dead_sboost_deploy,com_dead_sboost_stow
hackboat,h2,Hackboat,test,40,default,-,lux:mesh32.BG_Dead,Dead,1.0,ok,riptide test boat (user request): Dead Wreckoner model with boat_tuning multipliers,Boat Dead Wreckoner,com_dead_boost_deploy,com_dead_boost_stow,com_dead_sboost_deploy,com_dead_sboost_stow
