id,target,status,observation,source,test
@types,str,enum:observed|hypothesis|contradicted|unknown|design,str,str,str
EVD_DOWN_THE_HATCH,boats.down_the_hatch.boatdef,observed,CBoatDef Frenzy is Down the Hatch,cabinet Audits.xml boat table bt[0..11] (bt[10]=frenzy) matches sdaemon.exe audit names in reverse (Down The Hatch second); every other pair agrees,none
EVD_SECRET_UNLOCKS,boats.big_buckaneer.unlock_parent,observed,Secret boats unlock with View x3 on Rogue Runner / Dead Wreckoner / Sea Devil,user tested on cabinet (2026-09-28); Sea Devil -> Down the Hatch not confirmed,menu View x3 in Riptide
EVD_HT_BOAT_NAMES,ht_boats.hovr.display_name,observed,HOVR is Blowfish and SEAD is Chumdinger,1ST_READ.BIN name table @0x97898 with BWW<code>LS11 select images,none
EVD_HT_TIERS,boats.midway.tier,hypothesis,HT boat tiers easy/medium/hard/bonus,StrategyWiki Hydro_Thunder/Boats (web; not from disc),none
EVD_HT_HANDLING,boats.midway.boatdef,design,HT boats borrow an H2 boatdef by tier,HT per-boat tuning blocks not decoded,none
EVD_TRACK_NAMES,tracks.frozen_tundra.display_name,observed,tl = Frozen Tundra and du = Down Underdrive,exe PS_FrozenTundra / PS_DownUnderdrive and VO names; triton_levels Tundra Loop / Down Under Loop,none
EVD_HT_PORTAL_ANCHOR,ht_tracks.grav.track,observed,HT portal (x z) is one bank; the cross-section runs width along across,top-down maps: centre reading put the racing line beside the course; anchored reading follows the channel and fixed Far East,scripts/race-all.sh (all HT tracks progress)
EVD_HT_LAPS,ht_tracks.loo1.laps,design,HT circuits race 3 laps,HT lap count not decoded; decoder only shows the course closes,none
EVD_HT_PROP_YAW,ht_tracks.grav.track,hypothesis,Instance yaw is u16 at +0x0e (65536 per turn) and Bevy yaw = -angle,data patterns across AMAZ instances (low halves zero; arrow headings roughly match the course); decompile reader not found,none - compare arrow signs against cabinet footage
EVD_HT_WORLD_SCALE,physics.ht_world_scale.value,design,HT world scaled 1.6x like HT boat models,matches boats.csv scale for HT boats,none
EVD_CHECKPOINT_SECONDS,checkpoints.wa_Checkpoint1.tripwire,hypothesis,Checkpoint tripwire Blind Int Data is seconds added,values 25-60 beside Starting Seconds 45/70/90; not confirmed in sdaemon.exe,scripts/race-all.sh (time-up vs finish)
EVD_CHECKPOINT_LAPS,checkpoints.rs_Checkpoint2.lap,hypothesis,Checkpoint N on a 3-lap circuit counts when lap N starts,names CheckpointLoop2/3 and CheckpointLap2/3 on circuits; rs uses Checkpoint2/3,none
EVD_MPH,h2_globals.Digital MPH Scale Factor.value,observed,HUD MPH = speed x Digital MPH Scale Factor,global CTritonGameDef property name,none
EVD_REVERSE_NAMES,tracks.reverse_tundra.display_name,observed,rt = Frozen Tundra Backward and rs = Down Underdrive Backward,sdaemon.exe audit track table strings next to TRACK_RT / TRACK_RS keys; rs reuses du props,none
EVD_SUN_YAW,h2_levels.wa.sun_yaw,hypothesis,Terrain Dir Light Yaw/Pitch are degrees; Bevy yaw = -yaw after the Z mirror and pitch is elevation,property names and value ranges (yaw 86-313; pitch 16-89),compare shadow direction against cabinet footage
EVD_IMPACT_SPEED,h2_globals.Player Impact Speed Max.value,hypothesis,Boat-boat wipeout compares the closing speed (not x Impact Speed Mult) with Player/AI Impact Speed Min/Max,with the x2 multiplier boats wiped out on almost every start-pack bump in race-all runs,scripts/race-all.sh
EVD_NEEDLE,hud.speed_needle.scale,design,Needle drawn at 0.66 of its card width so the tip reaches the dial numbers; pivot = ring at 72% of the sprite,needle sprite alpha (ring at 0.72 of 256 px) vs dial art; card sizes do not give the length,compare against cabinet footage
EVD_NEEDLE_ANGLE,h2_globals.Needle MPH Scale Factor.value,hypothesis,Needle angle in degrees = speed x Needle MPH Scale Factor (0.37) sweeping clockwise from 9 o clock,dial art is a 180-degree 0-180 mph arc; 430 units/s -> 159 degrees vs digital 150 mph,none
EVD_HUD_BLEND,h2_hud.Speed2.Photoshop Blending Mode,hypothesis,Photoshop Blending Mode 7 = Lighten (black art drops out) and 4 = Color Burn (glass),Photoshop menu order 0 Normal .. 4 Color Burn .. 7 Lighten; the 7-mode art is drawn on black,compare against cabinet footage
EVD_SPEED_SCALE,physics.speed_scale.value,observed,CBoatDef speeds are not world units/s: hk checkpoints at 11736/27252/37693/51755/64442 vs cabinet best splits 10.13/24.30/34.07/47.47/58.42 s give a steady 1090-1160 units/s average,cabinet Scores.xml (m_auSplitTimes + m_uTimeMilliseconds) vs decoded checkpoint distances; default top-10 times 150-158 s,scripts/race-all.sh (autopilot within the default times)
EVD_NILE_LINE,tracks.revenge_of_the_nile.racing_line,design,Revenge of the Nile races on its water-sector chain (CSPropWaterSector leading/trailing edges) because data.rn_ai does not ship,water sectors use the same Leading edge / Trailing edge links as AI sectors; the level has 1 terrain mesh and 1 start point so it looks unfinished in H2O,riptide-tool level rn
EVD_H2_WINDING,h2_levels.wa.has_sectors,observed,The H2 collision mesh does not have consistent winding: flat riverbed triangles can face down,hk stall traced to a near-flat triangle (y -1604/-1576/-1566) whose computed normal is -0.96; up/down counts 7178/2595 on wa,riptide RIPTIDE_DEBUG wall contact log
EVD_BARRIERS,physics.barrier_height.value,hypothesis,Giant vertical collision quads (about 1650 units tall) across the course are scripted gates such as the Hong Kong dam that the game removes when triggered,hk pile-up at x -5930 against a quad spanning y -2404..-751; hk tripwires include Star_sky_swap_dam; Riptide does not run level scripts,scripts/race-all.sh
EVD_HT_MUSIC,tracks.lost_island.music,design,Hydro Thunder courses play the H2Overdrive theme,HT music lives in the Dreamcast AICA KAT banks which are not decoded,none
EVD_ROCKET_LAYERS,h2_rocket_layers.DeadBoostFlame.High Motion Speed,hypothesis,"Rocket layers: High values apply while boosting; Motion Speed/Life Secs are the particle's exhaust speed and life; ColorTran/ScaleTrans Life are fractions of that life; textures named *Smoke* blend, the rest add","DeadBoostFlame: ColorTran0 Life 0.52 < ColorTran1 Life 0.99, Life Secs 0.04 at speed 300 gives a 12-unit jet",riptide boost render
EVD_CRUSH_BOLTS,h2_bolts.HullCrush.Target Type,hypothesis,"The Hull Crusher aura is bolt def HullCrush (Ellipsoid target, 6 bolts, thickness 3-5.6) on the HullCrush Dim ellipsoid (50 x 0.75/0.4/1.0)","Other hull bolt defs are screen-scale (thickness 14-50, CircleXY/RectangleXY) and HullCrusher_Spark is a GameHud card",riptide crush render
EVD_RAMP_LAUNCH,h2_globals.Player Vel Y Max.value,hypothesis,"Player Vel Y Min/Max (250/350) and AI Vel Y Min/Max (100/200) are the upward launch speed off a ramp lip, scaled by speed","Ramp geometry alone launches at ~97 units/s (58-unit rise over 380 at speed 600), far below the cabinet's big air; no other launch values exist in TritonGame",riptide hackworld lane 0.5 test
EVD_CRUSH_SOUNDS,sound_events.hullcrush_stow.sounddef,hypothesis,"The Hull Crusher riff (global HullCrusher Rif) loops while the crusher is out, and com_hullcrusher_metal plays as it stows",HullCrusher Rif is 30 s against a 10 s active time; the metal clank is 5.5 s and has no global sound of its own,sound defs and h2_samples durations
EVD_BOAT_ANIM,boats.rogue_runner.anim,observed,"Each boat's boost animation is anim4.BA_<mesh name without BG_> (case-insensitive), split at the boat def's Anim Boost Partition Frame at 30 fps: deploy before it, stow after","The rule matches all 12 player boats; clip lengths x 30 put every partition frame mid-clip (Dead 100 frames / 50, Rogue 140 / 73); BA_Rogue_Wings is referenced by name in data.upgrades",riptide-tool anim / rig / rig-check
EVD_ROCKET_PUFF_DIST,h2_rocket_layers.RogueBoostFlame.High Motion Puff Dist,observed,Rocket layer update inserts puffs at distance intervals between its newest particle and the current nozzle; original Rogue flame Puff Dist 0.3 and Speed 300 imply roughly 1000 puffs/s while steady,sdaemon.exe FUN_004d6500 (0x004d6500): loop advances local_f4 by emitter field 0x84; FUN_004d6d00 seeds first particle; Motion Puff Dist field from layer registration,headless regular and gold boost screenshots
EVD_ROCKET_NOZZLE_AXIS,h2_rocket_layers.RogueBoostFlame.High Motion Speed,observed,Exhaust velocity follows the normalized nozzle matrix third basis vector; position jitter follows first and second basis vectors,sdaemon.exe FUN_004d6d00 (0x004d6d00) and FUN_004d6500; decoder mirrors Z so local original +Z maps to output -Z,headless regular and gold boost screenshots
EVD_BOAT_AFFINE,boats.rogue_runner.model,observed,Bone rest matrices store a 3x4 affine transform with an unused zero fourth column; restore homogeneous w=1 before matrix inversion and decomposition,mesh32.BG_Rogue root and RKBOOST records at bone record +0x60; raw fourth column is zero for root and nozzles,packed_affine_bone_preserves_homogeneous_points and regular/gold captures
EVD_HT_RIVER_BRANCHES,ht_tracks.amaz.track,observed,Lost Island has 155 original sectors; 146 connect to the grid including 28 outside the 118-sector AI chain,HJTAMAZTRH0 sector entry/exit portal references; native decode audit,side_route_keeps_its_water_and_bank_position
EVD_HT_WATER_CURTAINS,physics.waterfall_drop.value,design,Render vertical water curtains at sector drops while holding the upper surface to the exit portal,original portal heights; surface mesh is a Riptide approximation,capture of Lost Island sector 56
EVD_WEB_TEXTURE_READS,tracks.wild_america.geometry,observed,A decoded model can outlive unfetched textures and cache grey materials,sparse-source loader and Models.build material cache,sparse_prefetch_discovers_textures_after_mesh_read; deferred material repair
EVD_RIDE_HEIGHT,h2_boatdefs.Rogue.Buoyancy Depth Max,hypothesis,"The hull sits Buoyancy Depth Max deep at rest and Buoyancy Depth Min once planing (OnPlane Speed), so fast boats ride on top of the water","Hulls reach 1.8-2.0 model units below the origin (4-5 world units); every boat def has Depth Max 5 / Min 0 / OnPlane 75",riptide place_boats
EVD_BOAT_LOOPS,boat_loops.thunder_engines.when,hypothesis,"Clips named *Loop / *_Engines loop while the boost is deployed; the boat def Overlay Animation loops always","BA_Octopus is the Pirate def Overlay Animation; ba_stingrayLoop and BA_Thunder_Engines are separate clips next to each boat main boost clip",riptide-tool anim
EVD_HT_DIFFICULTY,tracks.ship_graveyard.difficulty,observed,"Hydro Thunder track table at RAM 0x8C1AD4A8 (280-byte entries, the same table the track names come from): the u32 at +4 is 1 for Thunder Park / Lost Island / Arctic Circle, 1 also for Castle Von Dandy (LOOP3) / Catacomb (CAVERN) / Practice; 2 for Lake Powell / Greek Isles / Far East, 3 for Ship Graveyard / Venice / New York and 4 for Nile Adventure / Hydro Speedway: the game menu difficulty groups","~/Tools/ht-decomp/ht_ram_8c010000.bin",riptide difficulty column
EVD_GONOGO,sound_events.race_checklist_gas.global,observed,"A YouTube recording of the H2Overdrive race start (supplied by the user) matches wn_trad_boat_start_mono (Go No Go Gas: the systems checklist mixed over engines) from 2.45 s in (speech-band loudness r=0.60 over 19 s; com_gonogo 0.23). The 3-2-1 voice starts 13.15 s into the recording: 15.6 s into the checklist","ffmpeg loudness correlation of ~/clip.mp3",physics.race_intro
