id,track,image,x,y,width,height,note
@types,ref:tracks,asset,i32,i32,i32,i32,str
wa,wild_america,lux:txtr1.ut_Track_Center_WA,90,90,450,250,riptide design: crop the original track-select scene
hk,hong_kong_buoy,lux:txtr1.ut_Track_Center_HK,90,90,450,250,riptide design: crop the original track-select scene
tf,temple_of_flume,lux:txtr1.ut_Track_Center_TF,90,90,450,250,riptide design: crop the original track-select scene
lo,london_underground,lux:txtr1.ut_Track_Center_LO,90,90,450,250,riptide design: crop the original track-select scene
qc,quake_canyon,lux:txtr1.ut_Track_Center_QC,90,90,450,250,riptide design: crop the original track-select scene
rn,revenge_of_the_nile,lux:txtr1.ut_Track_Center_EG,90,90,450,250,riptide design: Egypt artwork for the Nile
tl,frozen_tundra,lux:txtr1.ut_Track_FT,30,30,150,100,riptide design: crop the original Frozen Tundra scene
rt,reverse_tundra,lux:txtr1.ut_Track_FT,30,30,150,100,riptide design: Frozen Tundra artwork for its reverse course
